id,username,nationality,role_id,review_count,created_at
1,Peter,,2,1,2025-06-16T20:52:53.495738
2,Charisco,,2,1,2025-06-16T20:52:53.495763
3,Mary,,2,1,2025-06-16T20:52:53.495767
4,Lili,,2,1,2025-06-16T20:52:53.495774
5,William,,2,1,2025-06-16T20:52:53.495778
6,Abusultan,,2,1,2025-06-16T20:52:53.495782
7,Muneera,,2,1,2025-06-16T20:52:53.495785
8,Mario,,2,1,2025-06-16T20:52:53.495789
9,Faycal,,2,1,2025-06-16T20:52:53.495793
10,Hassony_h,,2,1,2025-06-16T20:52:53.495796
11,Catalin,,2,1,2025-06-16T20:52:53.495799
12,Alysia,,2,1,2025-06-16T20:52:53.495803
13,Alweheab,,2,1,2025-06-16T20:52:53.495806
14,Penny,,2,1,2025-06-16T20:52:53.495809
15,Cuban_trogon,,2,1,2025-06-16T20:52:53.495813
16,Seda,,2,1,2025-06-16T20:52:53.495816
17,Nick,,2,1,2025-06-16T20:52:53.495819
18,Omer,,2,1,2025-06-16T20:52:53.495823
19,Sheena,,2,1,2025-06-16T20:52:53.495827
20,Zuko,,2,1,2025-06-16T20:52:53.495831
21,Ihron,,2,1,2025-06-16T20:52:53.495838
22,Jean-philippe,,2,1,2025-06-16T20:52:53.495841
23,Kalain,,2,1,2025-06-16T20:52:53.495845
24,Gwen,,2,1,2025-06-16T20:52:53.495848
25,Mohammad,,2,1,2025-06-16T20:52:53.495851
26,Abdulnaser,,2,1,2025-06-16T20:52:53.495858
27,Marouane,,2,1,2025-06-16T20:52:53.495862
28,David,,2,1,2025-06-16T20:52:53.495865
29,Carrie,,2,1,2025-06-16T20:52:53.495869
30,Dd_belgium,,2,1,2025-06-16T20:52:53.495872
31,Chetan,,2,1,2025-06-16T20:52:53.495875
32,Charity,,2,1,2025-06-16T20:52:53.495879
33,Aisling,,2,1,2025-06-16T20:52:53.495882
34,Kavish,,2,1,2025-06-16T20:52:53.495891
35,Chula,,2,1,2025-06-16T20:52:53.495895
36,Conleth,,2,1,2025-06-16T20:52:53.495899
37,Kamil,,2,1,2025-06-16T20:52:53.495902
38,Adrian,,2,1,2025-06-16T20:52:53.495905
39,Jake,,2,1,2025-06-16T20:52:53.495909
40,Bedros,,2,1,2025-06-16T20:52:53.495912
41,Elettra,,2,1,2025-06-16T20:52:53.495915
42,Staffan,,2,1,2025-06-16T20:52:53.495920
43,Billy,,2,1,2025-06-16T20:52:53.495924
44,Walid,,2,1,2025-06-16T20:52:53.495927
45,Bagis,,2,1,2025-06-16T20:52:53.495930
46,Shona,,2,1,2025-06-16T20:52:53.495934
47,Lahmi,,2,1,2025-06-16T20:52:53.495938
48,Zoltán,,2,1,2025-06-16T20:52:53.495941
49,Pumza,,2,1,2025-06-16T20:52:53.495944
50,Barry,,2,1,2025-06-16T20:52:53.495948
51,Dryt,,2,1,2025-06-16T20:52:53.495951
52,Renald,,2,1,2025-06-16T20:52:53.495955
53,Myriam,,2,1,2025-06-16T20:52:53.495958
54,Cassandre,,2,1,2025-06-16T20:52:53.495962
55,Yogesh,,2,1,2025-06-16T20:52:53.495966
56,Norman,,2,1,2025-06-16T20:52:53.495969
57,Rolakhoury,,2,1,2025-06-16T20:52:53.495973
58,Raul,,2,1,2025-06-16T20:52:53.495976
59,Scott,,2,1,2025-06-16T20:52:53.495980
60,Emna,,2,1,2025-06-16T20:52:53.495984
61,Pamela,,2,1,2025-06-16T20:52:53.495987
62,Jerida,,2,1,2025-06-16T20:52:53.495990
63,Kamrul,,2,1,2025-06-16T20:52:53.495994
64,Blanca,,2,1,2025-06-16T20:52:53.495997
65,Jacqueline,,2,1,2025-06-16T20:52:53.496001
66,Md,,2,1,2025-06-16T20:52:53.496005
67,Tayga_,,2,1,2025-06-16T20:52:53.496009
68,Mahmoud,,2,1,2025-06-16T20:52:53.496012
69,Anth,,2,1,2025-06-16T20:52:53.496016
70,Anne,,2,1,2025-06-16T20:52:53.496019
71,Sushma,,2,1,2025-06-16T20:52:53.496022
72,Michael,,2,1,2025-06-16T20:52:53.496026
73,Jamal,,2,1,2025-06-16T20:52:53.496030
74,Ekaterina,,2,1,2025-06-16T20:52:53.496034
75,Abdulla,,2,1,2025-06-16T20:52:53.496038
76,Francisca,,2,1,2025-06-16T20:52:53.496041
77,Cheryl,,2,1,2025-06-16T20:52:53.496044
78,Audrey,,2,1,2025-06-16T20:52:53.496055
79,Jenni,,2,1,2025-06-16T20:52:53.496059
80,Hasmig,,2,1,2025-06-16T20:52:53.496062
81,Fasil,,2,1,2025-06-16T20:52:53.496066
82,Joao,,2,1,2025-06-16T20:52:53.496069
83,Aguyabroad,,2,1,2025-06-16T20:52:53.496073
84,John,,2,1,2025-06-16T20:52:53.496076
85,Hanadi,,2,1,2025-06-16T20:52:53.496080
86,Felim,,2,1,2025-06-16T20:52:53.496084
87,Bernard,,2,1,2025-06-16T20:52:53.496088
88,Jacek,,2,1,2025-06-16T20:52:53.496092
89,Jane,,2,1,2025-06-16T20:52:53.496095
90,Willie,,2,1,2025-06-16T20:52:53.496098
91,Ornella,,2,1,2025-06-16T20:52:53.496102
92,Innez,,2,1,2025-06-16T20:52:53.496105
93,Rene,,2,1,2025-06-16T20:52:53.496109
94,Jim,,2,1,2025-06-16T20:52:53.496116
95,Tracy,,2,1,2025-06-16T20:52:53.496120
96,Marsha,,2,1,2025-06-16T20:52:53.496123
97,Holger,,2,1,2025-06-16T20:52:53.496127
98,Yolisa,,2,1,2025-06-16T20:52:53.496130
99,Yone,,2,1,2025-06-16T20:52:53.496134
100,Macleod,,2,1,2025-06-16T20:52:53.496137
101,Cotea,,2,1,2025-06-16T20:52:53.496141
102,Jitka,,2,1,2025-06-16T20:52:53.496144
103,Harshnl,,2,1,2025-06-16T20:52:53.496147
104,Viktoriia,,2,1,2025-06-16T20:52:53.496151
105,Panagiotis,,2,1,2025-06-16T20:52:53.496154
106,Edward,,2,1,2025-06-16T20:52:53.496158
107,Jeanne,,2,1,2025-06-16T20:52:53.496161
108,Angela,,2,1,2025-06-16T20:52:53.496165
109,Paroma,,2,1,2025-06-16T20:52:53.496169
110,Wilson,,2,1,2025-06-16T20:52:53.496174
111,Floriane,,2,1,2025-06-16T20:52:53.496178
112,Venkat,,2,1,2025-06-16T20:52:53.496181
113,Shaun,,2,1,2025-06-16T20:52:53.496185
114,Michelle,,2,1,2025-06-16T20:52:53.496189
115,Debra,,2,1,2025-06-16T20:52:53.496192
116,Marta,,2,1,2025-06-16T20:52:53.496196
117,Sherif,,2,1,2025-06-16T20:52:53.496199
118,Gehad,,2,1,2025-06-16T20:52:53.496202
119,Karine,,2,1,2025-06-16T20:52:53.496206
120,Rosa,,2,1,2025-06-16T20:52:53.496209
121,Lalita,,2,1,2025-06-16T20:52:53.496212
122,Gennaro,,2,1,2025-06-16T20:52:53.496216
123,Abdullah,,2,1,2025-06-16T20:52:53.496219
124,Jacinta,,2,1,2025-06-16T20:52:53.496222
125,Narayanan,,2,1,2025-06-16T20:52:53.496226
126,Zuzana,,2,1,2025-06-16T20:52:53.496229
127,Buki,,2,1,2025-06-16T20:52:53.496233
128,Alice,,2,1,2025-06-16T20:52:53.496236
129,Swaby,,2,1,2025-06-16T20:52:53.496239
130,Sarry,,2,1,2025-06-16T20:52:53.496245
131,Alison,,2,1,2025-06-16T20:52:53.496248
132,Eliaa,,2,1,2025-06-16T20:52:53.496252
133,Shini,,2,1,2025-06-16T20:52:53.496255
134,Charaine,,2,1,2025-06-16T20:52:53.496258
135,Wiel,,2,1,2025-06-16T20:52:53.496262
136,Jennifer,,2,1,2025-06-16T20:52:53.496265
137,Giovanni,,2,1,2025-06-16T20:52:53.496268
138,Owen,,2,1,2025-06-16T20:52:53.496272
139,Lars,,2,1,2025-06-16T20:52:53.496275
140,Nina,,2,1,2025-06-16T20:52:53.496278
141,Ridha,,2,1,2025-06-16T20:52:53.496282
142,Radek,,2,1,2025-06-16T20:52:53.496285
143,Fatima,,2,1,2025-06-16T20:52:53.496289
144,Monica,,2,1,2025-06-16T20:52:53.496292
145,Karan,,2,1,2025-06-16T20:52:53.496296
146,Milton,,2,1,2025-06-16T20:52:53.496299
147,Grzegorz,,2,1,2025-06-16T20:52:53.496302
148,Rudolf,,2,1,2025-06-16T20:52:53.496306
149,Mit,,2,1,2025-06-16T20:52:53.496309
150,Pawel,,2,1,2025-06-16T20:52:53.496314
151,Hüseyin,,2,1,2025-06-16T20:52:53.496317
152,Dimitri,,2,1,2025-06-16T20:52:53.496321
153,Monahy,,2,1,2025-06-16T20:52:53.496324
154,Francisco,,2,1,2025-06-16T20:52:53.496328
155,Terence,,2,1,2025-06-16T20:52:53.496331
156,Cathy,,2,1,2025-06-16T20:52:53.496335
157,Eda,,2,1,2025-06-16T20:52:53.496338
158,Arda,,2,1,2025-06-16T20:52:53.496341
159,Maria,,2,1,2025-06-16T20:52:53.496345
160,Lorraine,,2,1,2025-06-16T20:52:53.496348
161,Laura,,2,1,2025-06-16T20:52:53.496352
162,Saba,,2,1,2025-06-16T20:52:53.496355
163,Fergal,,2,1,2025-06-16T20:52:53.496359
164,Ciara,,2,1,2025-06-16T20:52:53.496363
165,Meegan,,2,1,2025-06-16T20:52:53.496366
166,Sandra,,2,1,2025-06-16T20:52:53.496369
167,Anastasiya,,2,1,2025-06-16T20:52:53.496373
168,Ayush,,2,1,2025-06-16T20:52:53.496376
169,Hui,,2,1,2025-06-16T20:52:53.496379
170,Nabil,,2,1,2025-06-16T20:52:53.496383
171,Quin,,2,1,2025-06-16T20:52:53.496386
172,Ljubomir,,2,1,2025-06-16T20:52:53.496390
173,Guenter,,2,1,2025-06-16T20:52:53.496393
174,Nabukeera,,2,1,2025-06-16T20:52:53.496397
175,Bhavnish,,2,1,2025-06-16T20:52:53.496400
176,Beverly,,2,1,2025-06-16T20:52:53.496404
177,Jansen,,2,1,2025-06-16T20:52:53.496407
178,Lama,,2,1,2025-06-16T20:52:53.496410
179,Pasha,,2,1,2025-06-16T20:52:53.496413
180,Ifeyinwa,,2,1,2025-06-16T20:52:53.496417
181,Lee,,2,1,2025-06-16T20:52:53.496420
182,Nicholas,,2,1,2025-06-16T20:52:53.496423
183,Botchorishvili,,2,1,2025-06-16T20:52:53.496427
184,Jean,,2,1,2025-06-16T20:52:53.496430
185,Francesca,,2,1,2025-06-16T20:52:53.496433
186,Nelson,,2,1,2025-06-16T20:52:53.496437
187,Narisa,,2,1,2025-06-16T20:52:53.496440
188,Rae,,2,1,2025-06-16T20:52:53.496443
189,Amie,,2,1,2025-06-16T20:52:53.496447
190,Nxokwana,,2,1,2025-06-16T20:52:53.496455
191,Tarek,,2,1,2025-06-16T20:52:53.496460
192,Baris,,2,1,2025-06-16T20:52:53.496465
193,Daryl,,2,1,2025-06-16T20:52:53.496468
194,Andriy,,2,1,2025-06-16T20:52:53.496472
195,Satu,,2,1,2025-06-16T20:52:53.496475
196,Tomas,,2,1,2025-06-16T20:52:53.496478
197,Kenechi,,2,1,2025-06-16T20:52:53.496482
198,Gerard,,2,1,2025-06-16T20:52:53.496485
199,Basem,,2,1,2025-06-16T20:52:53.496489
200,Ingo,,2,1,2025-06-16T20:52:53.496492
201,Telmo,,2,1,2025-06-16T20:52:53.496495
202,Zhanna,,2,1,2025-06-16T20:52:53.496499
203,Riitta,,2,1,2025-06-16T20:52:53.496502
204,Luisa,,2,1,2025-06-16T20:52:53.496506
205,Priya,,2,1,2025-06-16T20:52:53.496509
206,Nicolas,,2,1,2025-06-16T20:52:53.496512
207,Andrii,,2,1,2025-06-16T20:52:53.496516
208,Penni,,2,1,2025-06-16T20:52:53.496519
209,Juliane,,2,1,2025-06-16T20:52:53.496523
210,Evrim,,2,1,2025-06-16T20:52:53.496526
211,Suman,,2,1,2025-06-16T20:52:53.496530
212,Gemma,,2,1,2025-06-16T20:52:53.496533
213,Shahd,,2,1,2025-06-16T20:52:53.496536
214,Carmen,,2,1,2025-06-16T20:52:53.496540
215,Gunendra,,2,1,2025-06-16T20:52:53.496543
216,Shruti,,2,1,2025-06-16T20:52:53.496547
217,Bonnie,,2,1,2025-06-16T20:52:53.496550
218,Heda,,2,1,2025-06-16T20:52:53.496553
219,Mercy,,2,1,2025-06-16T20:52:53.496557
220,Vitalij,,2,1,2025-06-16T20:52:53.496560
221,Ivan,,2,1,2025-06-16T20:52:53.496563
222,Yasmeen,,2,1,2025-06-16T20:52:53.496567
223,Faisal,,2,1,2025-06-16T20:52:53.496573
224,Nora,,2,1,2025-06-16T20:52:53.496576
225,Emerenchia,,2,1,2025-06-16T20:52:53.496579
226,Rtoliveira79,,2,1,2025-06-16T20:52:53.496583
227,Brenda,,2,1,2025-06-16T20:52:53.496586
228,Issabella,,2,1,2025-06-16T20:52:53.496589
229,Ramy,,2,1,2025-06-16T20:52:53.496593
230,Claire,,2,1,2025-06-16T20:52:53.496596
231,Zhuo,,2,1,2025-06-16T20:52:53.496600
232,Roberto,,2,1,2025-06-16T20:52:53.496603
233,Angshuman,,2,1,2025-06-16T20:52:53.496606
234,Orit,,2,1,2025-06-16T20:52:53.496610
235,Stephen,,2,1,2025-06-16T20:52:53.496613
236,Alina,,2,1,2025-06-16T20:52:53.496616
237,Katarzyna,,2,1,2025-06-16T20:52:53.496620
238,Kulkarni,,2,1,2025-06-16T20:52:53.496623
239,Tomasz,,2,1,2025-06-16T20:52:53.496626
240,Feras1975,,2,1,2025-06-16T20:52:53.496630
241,Sesethu,,2,1,2025-06-16T20:52:53.496633
242,Cho,,2,1,2025-06-16T20:52:53.496637
243,Nikolaos,,2,1,2025-06-16T20:52:53.496640
244,Yvette,,2,1,2025-06-16T20:52:53.496644
245,Christopher,,2,1,2025-06-16T20:52:53.496647
246,Alexandra,,2,1,2025-06-16T20:52:53.496651
247,Amrita,,2,1,2025-06-16T20:52:53.496654
248,Abdul,,2,1,2025-06-16T20:52:53.496657
249,Ragnar,,2,1,2025-06-16T20:52:53.496661
250,Yvonne,,2,1,2025-06-16T20:52:53.496664
251,Mthembu,,2,1,2025-06-16T20:52:53.496667
252,Huda,,2,1,2025-06-16T20:52:53.496670
253,Andrea,,2,1,2025-06-16T20:52:53.496674
254,Suzy,,2,1,2025-06-16T20:52:53.496677
255,Colm,,2,1,2025-06-16T20:52:53.496681
256,Broderick,,2,1,2025-06-16T20:52:53.496684
257,Dure,,2,1,2025-06-16T20:52:53.496688
258,Mayasol,,2,1,2025-06-16T20:52:53.496691
259,Felipe,,2,1,2025-06-16T20:52:53.496694
260,Nayim,,2,1,2025-06-16T20:52:53.496698
261,Liubov,,2,1,2025-06-16T20:52:53.496702
262,Shady,,2,1,2025-06-16T20:52:53.496705
263,Panos,,2,1,2025-06-16T20:52:53.496709
264,Mykhaylo,,2,1,2025-06-16T20:52:53.496712
265,Sabir,,2,1,2025-06-16T20:52:53.496715
266,Brendan,,2,1,2025-06-16T20:52:53.496718
267,Mfp15,,2,1,2025-06-16T20:52:53.496722
268,Neil,,2,1,2025-06-16T20:52:53.496726
269,Kelly,,2,1,2025-06-16T20:52:53.496730
270,Adam,,2,1,2025-06-16T20:52:53.496734
271,Brandon,,2,1,2025-06-16T20:52:53.496738
272,Merve,,2,1,2025-06-16T20:52:53.496741
273,Taha,,2,1,2025-06-16T20:52:53.496744
274,Agatym,,2,1,2025-06-16T20:52:53.496748
275,Kristina,,2,1,2025-06-16T20:52:53.496751
276,Kai,,2,1,2025-06-16T20:52:53.496754
277,Ivo,,2,1,2025-06-16T20:52:53.496757
278,Nigel,,2,1,2025-06-16T20:52:53.496761
279,Makki,,2,1,2025-06-16T20:52:53.496764
280,Danish,,2,1,2025-06-16T20:52:53.496767
281,Sameera,,2,1,2025-06-16T20:52:53.496772
282,Zurab,,2,1,2025-06-16T20:52:53.496775
283,Markella,,2,1,2025-06-16T20:52:53.496778
284,Rosie,,2,1,2025-06-16T20:52:53.496782
285,Lynda,,2,1,2025-06-16T20:52:53.496785
286,Jo,,2,1,2025-06-16T20:52:53.496788
287,Isabel,,2,1,2025-06-16T20:52:53.496792
288,Maciej,,2,1,2025-06-16T20:52:53.496795
289,Ryan,,2,1,2025-06-16T20:52:53.496798
290,Herman,,2,1,2025-06-16T20:52:53.496802
291,Louisa,,2,1,2025-06-16T20:52:53.496805
292,Arben,,2,1,2025-06-16T20:52:53.496808
293,Aqeel,,2,1,2025-06-16T20:52:53.496812
294,Karamveer,,2,1,2025-06-16T20:52:53.496816
295,Govind,,2,1,2025-06-16T20:52:53.496819
296,Barbara,,2,1,2025-06-16T20:52:53.496822
297,Homam,,2,1,2025-06-16T20:52:53.496826
298,Maryam,,2,1,2025-06-16T20:52:53.496829
299,Jehad,,2,1,2025-06-16T20:52:53.496832
300,Evangelos,,2,1,2025-06-16T20:52:53.496835
301,Mrs,,2,1,2025-06-16T20:52:53.496839
302,Iyad,,2,1,2025-06-16T20:52:53.496842
303,Ghadeer,,2,1,2025-06-16T20:52:53.496845
304,Gabriella,,2,1,2025-06-16T20:52:53.496849
305,Nicolette,,2,1,2025-06-16T20:52:53.496852
306,St,,2,1,2025-06-16T20:52:53.496855
307,Janice,,2,1,2025-06-16T20:52:53.496859
308,Nonceba,,2,1,2025-06-16T20:52:53.496862
309,Filip,,2,1,2025-06-16T20:52:53.496865
310,Rowena,,2,1,2025-06-16T20:52:53.496869
311,Gabriele,,2,1,2025-06-16T20:52:53.496872
312,Marike,,2,1,2025-06-16T20:52:53.496876
313,Leesel,,2,1,2025-06-16T20:52:53.496879
314,Nabeel,,2,1,2025-06-16T20:52:53.496882
315,Sven,,2,1,2025-06-16T20:52:53.496886
316,Aleksandar,,2,1,2025-06-16T20:52:53.496889
317,Saoirse,,2,1,2025-06-16T20:52:53.496892
318,Lamees,,2,1,2025-06-16T20:52:53.496895
319,Saad,,2,1,2025-06-16T20:52:53.496899
320,Natalie,,2,1,2025-06-16T20:52:53.496903
321,Lindsay,,2,1,2025-06-16T20:52:53.496906
322,Ghada,,2,1,2025-06-16T20:52:53.496909
323,Clive,,2,1,2025-06-16T20:52:53.496913
324,Eunice,,2,1,2025-06-16T20:52:53.496917
325,Robinson,,2,1,2025-06-16T20:52:53.496920
326,Muthusamy,,2,1,2025-06-16T20:52:53.496923
327,Katarina,,2,1,2025-06-16T20:52:53.496927
328,Cyril,,2,1,2025-06-16T20:52:53.496930
329,Gheorghiu,,2,1,2025-06-16T20:52:53.496933
330,Khadija,,2,1,2025-06-16T20:52:53.496936
331,Anna,,2,1,2025-06-16T20:52:53.496940
332,Isabella,,2,1,2025-06-16T20:52:53.496943
333,Micha,,2,1,2025-06-16T20:52:53.496947
334,Magdalena,,2,1,2025-06-16T20:52:53.496950
335,Saloni,,2,1,2025-06-16T20:52:53.496954
336,Belinda,,2,1,2025-06-16T20:52:53.496957
337,Keeshia,,2,1,2025-06-16T20:52:53.496960
338,Mubark,,2,1,2025-06-16T20:52:53.496964
339,Rosemary,,2,1,2025-06-16T20:52:53.496967
340,Greta,,2,1,2025-06-16T20:52:53.496970
341,Khalid,,2,1,2025-06-16T20:52:53.496974
342,Veronika,,2,1,2025-06-16T20:52:53.496977
343,Les,,2,1,2025-06-16T20:52:53.496981
344,Oleg,,2,1,2025-06-16T20:52:53.496984
345,Musab,,2,1,2025-06-16T20:52:53.496988
346,Ghassan,,2,1,2025-06-16T20:52:53.496991
347,Douglas,,2,1,2025-06-16T20:52:53.496995
348,Mr,,2,1,2025-06-16T20:52:53.496998
349,Wissam,,2,1,2025-06-16T20:52:53.497001
350,Toritseju,,2,1,2025-06-16T20:52:53.497005
351,Masako,,2,1,2025-06-16T20:52:53.497008
352,Gabriel,,2,1,2025-06-16T20:52:53.497011
353,Sivuyile,,2,1,2025-06-16T20:52:53.497015
354,Irina,,2,1,2025-06-16T20:52:53.497019
355,Winifred,,2,1,2025-06-16T20:52:53.497022
356,Diana,,2,1,2025-06-16T20:52:53.497025
357,Nasser,,2,1,2025-06-16T20:52:53.497029
358,Elaine,,2,1,2025-06-16T20:52:53.497032
359,Judit,,2,1,2025-06-16T20:52:53.497036
360,Nicola,,2,1,2025-06-16T20:52:53.497039
361,Avdi,,2,1,2025-06-16T20:52:53.497042
362,Bm,,2,1,2025-06-16T20:52:53.497046
363,Sonia,,2,1,2025-06-16T20:52:53.497049
364,Marilyn,,2,1,2025-06-16T20:52:53.497052
365,Kevin,,2,1,2025-06-16T20:52:53.497056
366,Santanu,,2,1,2025-06-16T20:52:53.497059
367,Jayson,,2,1,2025-06-16T20:52:53.497062
368,Rob,,2,1,2025-06-16T20:52:53.497066
369,Kurniawan,,2,1,2025-06-16T20:52:53.497069
370,Carina,,2,1,2025-06-16T20:52:53.497072
371,Naweed,,2,1,2025-06-16T20:52:53.497076
372,Vladimir,,2,1,2025-06-16T20:52:53.497079
373,Svane,,2,1,2025-06-16T20:52:53.497084
374,Thierno,,2,1,2025-06-16T20:52:53.497087
375,Fernanda,,2,1,2025-06-16T20:52:53.497091
376,Dina,,2,1,2025-06-16T20:52:53.497094
377,Diane,,2,1,2025-06-16T20:52:53.497097
378,Regiane,,2,1,2025-06-16T20:52:53.497099
379,Asanda,,2,1,2025-06-16T20:52:53.497102
380,Pm,,2,1,2025-06-16T20:52:53.497104
381,Hania,,2,1,2025-06-16T20:52:53.497107
382,Sean,,2,1,2025-06-16T20:52:53.497110
383,Zeid,,2,1,2025-06-16T20:52:53.497112
384,Kieran,,2,1,2025-06-16T20:52:53.497115
385,Samantha,,2,1,2025-06-16T20:52:53.497118
386,Rossella,,2,1,2025-06-16T20:52:53.497120
387,Katie,,2,1,2025-06-16T20:52:53.497123
388,Umutsan,,2,1,2025-06-16T20:52:53.497125
389,Shrijith,,2,1,2025-06-16T20:52:53.497128
390,Andreea,,2,1,2025-06-16T20:52:53.497131
391,Zhivaan,,2,1,2025-06-16T20:52:53.497133
392,Helet,,2,1,2025-06-16T20:52:53.497136
393,Lara,,2,1,2025-06-16T20:52:53.497139
394,Guannan,,2,1,2025-06-16T20:52:53.497141
395,Sibusiso,,2,1,2025-06-16T20:52:53.497144
396,Sanda,,2,1,2025-06-16T20:52:53.497146
397,Jakub,,2,1,2025-06-16T20:52:53.497149
398,Mhd,,2,1,2025-06-16T20:52:53.497152
399,Irena,,2,1,2025-06-16T20:52:53.497154
400,Antoinette,,2,1,2025-06-16T20:52:53.497157
401,Lina,,2,1,2025-06-16T20:52:53.497159
402,Leonard,,2,1,2025-06-16T20:52:53.497174
403,Miriam,,2,1,2025-06-16T20:52:53.497177
404,Hanae,,2,1,2025-06-16T20:52:53.497180
405,Johan,,2,1,2025-06-16T20:52:53.497183
406,Mariem,,2,1,2025-06-16T20:52:53.497185
407,Chloe,,2,1,2025-06-16T20:52:53.497188
408,Francine,,2,1,2025-06-16T20:52:53.497190
409,Molebogeng,,2,1,2025-06-16T20:52:53.497193
410,Ramon,,2,1,2025-06-16T20:52:53.497196
411,Emily,,2,1,2025-06-16T20:52:53.497204
412,Lori,,2,1,2025-06-16T20:52:53.497207
413,O'donnell,,2,1,2025-06-16T20:52:53.497210
414,Geralda,,2,1,2025-06-16T20:52:53.497212
415,Suzanne,,2,1,2025-06-16T20:52:53.497215
416,Naomi,,2,1,2025-06-16T20:52:53.497217
417,Bill,,2,1,2025-06-16T20:52:53.497220
418,Georgina,,2,1,2025-06-16T20:52:53.497223
419,Vibhor,,2,1,2025-06-16T20:52:53.497225
420,Jordan,,2,1,2025-06-16T20:52:53.497228
421,Tammy,,2,1,2025-06-16T20:52:53.497231
422,Jerrey,,2,1,2025-06-16T20:52:53.497233
423,Iphigeneia,,2,1,2025-06-16T20:52:53.497236
424,Lancelotte,,2,1,2025-06-16T20:52:53.497239
425,Martine,,2,1,2025-06-16T20:52:53.497241
426,Melanie,,2,1,2025-06-16T20:52:53.497244
427,Christine,,2,1,2025-06-16T20:52:53.497247
428,Aneta,,2,1,2025-06-16T20:52:53.497249
429,Choo,,2,1,2025-06-16T20:52:53.497252
430,Pomesh,,2,1,2025-06-16T20:52:53.497254
431,Lilangi,,2,1,2025-06-16T20:52:53.497257
432,Desiree,,2,1,2025-06-16T20:52:53.497260
433,Carlo,,2,1,2025-06-16T20:52:53.497262
434,Shames,,2,1,2025-06-16T20:52:53.497265
435,Antonnette,,2,1,2025-06-16T20:52:53.497267
436,Eastwood,,2,1,2025-06-16T20:52:53.497270
437,Rex,,2,1,2025-06-16T20:52:53.497273
438,Nikola,,2,1,2025-06-16T20:52:53.497276
439,Pincat,,2,1,2025-06-16T20:52:53.497279
440,Mercedes,,2,1,2025-06-16T20:52:53.497281
441,Ahmed,,2,1,2025-06-16T20:52:53.497284
442,Keith,,2,1,2025-06-16T20:52:53.497286
443,Simon,,2,1,2025-06-16T20:52:53.497289
444,Maxim,,2,1,2025-06-16T20:52:53.497292
445,Sebastiano,,2,1,2025-06-16T20:52:53.497295
446,Zainab,,2,1,2025-06-16T20:52:53.497297
447,Anil,,2,1,2025-06-16T20:52:53.497300
448,Lk,,2,1,2025-06-16T20:52:53.497302
449,Andries,,2,1,2025-06-16T20:52:53.497305
450,Azza,,2,1,2025-06-16T20:52:53.497308
451,Lorna,,2,1,2025-06-16T20:52:53.497311
452,Ksymena,,2,1,2025-06-16T20:52:53.497313
453,Bee,,2,1,2025-06-16T20:52:53.497316
454,Jeremy,,2,1,2025-06-16T20:52:53.497319
455,Borislav,,2,1,2025-06-16T20:52:53.497321
456,Nichola,,2,1,2025-06-16T20:52:53.497324
457,Nicole,,2,1,2025-06-16T20:52:53.497326
458,Rasheed,,2,1,2025-06-16T20:52:53.497330
459,Ana,,2,1,2025-06-16T20:52:53.497333
460,Houda,,2,1,2025-06-16T20:52:53.497335
461,Faizah,,2,1,2025-06-16T20:52:53.497338
462,Louise,,2,1,2025-06-16T20:52:53.497340
463,Glenn,,2,1,2025-06-16T20:52:53.497344
464,W,,2,1,2025-06-16T20:52:53.497346
465,Carol,,2,1,2025-06-16T20:52:53.497349
466,Ali,,2,1,2025-06-16T20:52:53.497351
467,Latoya,,2,1,2025-06-16T20:52:53.497354
468,Joanne,,2,1,2025-06-16T20:52:53.497357
469,Karen,,2,1,2025-06-16T20:52:53.497359
470,Agnieszka,,2,1,2025-06-16T20:52:53.497362
471,Hilary,,2,1,2025-06-16T20:52:53.497364
472,Ashraf,,2,1,2025-06-16T20:52:53.497367
473,Trevor,,2,1,2025-06-16T20:52:53.497370
474,Bassam,,2,1,2025-06-16T20:52:53.497372
475,Elmira,,2,1,2025-06-16T20:52:53.497375
476,Charles,,2,1,2025-06-16T20:52:53.497377
477,Katherine,,2,1,2025-06-16T20:52:53.497380
478,Derek,,2,1,2025-06-16T20:52:53.497383
479,Mahitab,,2,1,2025-06-16T20:52:53.497385
480,Ian,,2,1,2025-06-16T20:52:53.497388
481,Christophe,,2,1,2025-06-16T20:52:53.497390
482,Isabelle,,2,1,2025-06-16T20:52:53.497393
483,Vause-fletcher,,2,1,2025-06-16T20:52:53.497396
484,Fabio,,2,1,2025-06-16T20:52:53.497398
485,Adrianna,,2,1,2025-06-16T20:52:53.497401
486,Victor,,2,1,2025-06-16T20:52:53.497404
487,Corina,,2,1,2025-06-16T20:52:53.497406
488,Ai-lin,,2,1,2025-06-16T20:52:53.497409
489,Amit,,2,1,2025-06-16T20:52:53.497412
490,Trautmann,,2,1,2025-06-16T20:52:53.497415
491,Marie-eve,,2,1,2025-06-16T20:52:53.497417
492,Andre,,2,1,2025-06-16T20:52:53.497420
493,Wajih,,2,1,2025-06-16T20:52:53.497423
494,Amyia,,2,1,2025-06-16T20:52:53.497425
495,Esteban,,2,1,2025-06-16T20:52:53.497428
496,Wafa,,2,1,2025-06-16T20:52:53.497431
497,Colin,,2,1,2025-06-16T20:52:53.497433
498,Leureta,,2,1,2025-06-16T20:52:53.497436
499,Shroeter,,2,1,2025-06-16T20:52:53.497439
500,Luay,,2,1,2025-06-16T20:52:53.497611
501,Eithne,,2,1,2025-06-16T20:52:53.497615
502,Paul,,2,1,2025-06-16T20:52:53.497618
503,Gabriela,,2,1,2025-06-16T20:52:53.497621
504,Antonios,,2,1,2025-06-16T20:52:53.497624
505,Linda,,2,1,2025-06-16T20:52:53.497626
506,Suniti,,2,1,2025-06-16T20:52:53.497629
507,Simona,,2,1,2025-06-16T20:52:53.497632
508,Brittany,,2,1,2025-06-16T20:52:53.497634
509,Zylinski,,2,1,2025-06-16T20:52:53.497637
510,Amir,,2,1,2025-06-16T20:52:53.497640
511,Zahra,,2,1,2025-06-16T20:52:53.497642
512,Prem,,2,1,2025-06-16T20:52:53.497645
513,Ileana,,2,1,2025-06-16T20:52:53.497647
514,Helen,,2,1,2025-06-16T20:52:53.497650
515,Lizelle,,2,1,2025-06-16T20:52:53.497653
516,Nils,,2,1,2025-06-16T20:52:53.497656
517,Luo,,2,1,2025-06-16T20:52:53.497658
518,Piotr,,2,1,2025-06-16T20:52:53.497661
519,Vesela,,2,1,2025-06-16T20:52:53.497664
520,Cristiana,,2,1,2025-06-16T20:52:53.497666
521,Beth,,2,1,2025-06-16T20:52:53.497669
522,Maeve,,2,1,2025-06-16T20:52:53.497672
523,Gavin,,2,1,2025-06-16T20:52:53.497674
524,Guylbert,,2,1,2025-06-16T20:52:53.497677
525,Hakim,,2,1,2025-06-16T20:52:53.497680
526,Maureen,,2,1,2025-06-16T20:52:53.497682
527,Dean,,2,1,2025-06-16T20:52:53.497685
528,Minda,,2,1,2025-06-16T20:52:53.497688
529,Sahab,,2,1,2025-06-16T20:52:53.497691
530,Imran,,2,1,2025-06-16T20:52:53.497694
531,Geoffrey,,2,1,2025-06-16T20:52:53.497696
532,Lyndsay,,2,1,2025-06-16T20:52:53.497699
533,Hamdi,,2,1,2025-06-16T20:52:53.497701
534,Joshita,,2,1,2025-06-16T20:52:53.497704
535,Andy,,2,1,2025-06-16T20:52:53.497707
536,Grigore,,2,1,2025-06-16T20:52:53.497709
537,Jacob,,2,1,2025-06-16T20:52:53.497712
538,Varvara,,2,1,2025-06-16T20:52:53.497715
539,Jo-anne,,2,1,2025-06-16T20:52:53.497717
540,Peggy,,2,1,2025-06-16T20:52:53.497720
541,María,,2,1,2025-06-16T20:52:53.497723
542,Gibran,,2,1,2025-06-16T20:52:53.497726
543,Olo,,2,1,2025-06-16T20:52:53.497729
544,Navendu,,2,1,2025-06-16T20:52:53.497731
545,Corine,,2,1,2025-06-16T20:52:53.497734
546,Liakat,,2,1,2025-06-16T20:52:53.497736
547,Costa,,2,1,2025-06-16T20:52:53.497739
548,Saiedeh,,2,1,2025-06-16T20:52:53.497742
549,Silvia,,2,1,2025-06-16T20:52:53.497744
550,Raymond,,2,1,2025-06-16T20:52:53.497747
551,Nargis,,2,1,2025-06-16T20:52:53.497749
552,Sara,,2,1,2025-06-16T20:52:53.497752
553,Andrew,,2,1,2025-06-16T20:52:53.497755
554,Charis,,2,1,2025-06-16T20:52:53.497758
555,Gillian,,2,1,2025-06-16T20:52:53.497761
556,Aida,,2,1,2025-06-16T20:52:53.497765
557,Chadi,,2,1,2025-06-16T20:52:53.497767
558,Olga,,2,1,2025-06-16T20:52:53.497770
559,Candice,,2,1,2025-06-16T20:52:53.497772
560,Ahmad,,2,1,2025-06-16T20:52:53.497775
561,Nolita,,2,1,2025-06-16T20:52:53.497778
562,Allison,,2,1,2025-06-16T20:52:53.497780
563,Chris,,2,1,2025-06-16T20:52:53.497783
564,Kristel,,2,1,2025-06-16T20:52:53.497786
565,Analiza,,2,1,2025-06-16T20:52:53.497788
566,Shasha,,2,1,2025-06-16T20:52:53.497791
567,Hani,,2,1,2025-06-16T20:52:53.497794
568,Wood,,2,1,2025-06-16T20:52:53.497797
569,Ishankhot,,2,1,2025-06-16T20:52:53.497799
570,Graham,,2,1,2025-06-16T20:52:53.497802
571,Kizilkaya,,2,1,2025-06-16T20:52:53.497804
572,Sarah,,2,1,2025-06-16T20:52:53.497807
573,Dorothee,,2,1,2025-06-16T20:52:53.497809
574,Sari,,2,1,2025-06-16T20:52:53.497812
575,Nekkanti,,2,1,2025-06-16T20:52:53.497815
576,Deirdre,,2,1,2025-06-16T20:52:53.497817
577,Sonja,,2,1,2025-06-16T20:52:53.497820
578,Steev,,2,1,2025-06-16T20:52:53.497822
579,Uzma,,2,1,2025-06-16T20:52:53.497825
580,Abir,,2,1,2025-06-16T20:52:53.497829
581,Haddow-flood,,2,1,2025-06-16T20:52:53.497832
582,Hazel,,2,1,2025-06-16T20:52:53.497835
583,Bekim,,2,1,2025-06-16T20:52:53.497837
584,Rabih,,2,1,2025-06-16T20:52:53.497840
585,Ricardo,,2,1,2025-06-16T20:52:53.497842
586,Nikolai,,2,1,2025-06-16T20:52:53.497845
587,Athanasios,,2,1,2025-06-16T20:52:53.497847
588,Vasiliki,,2,1,2025-06-16T20:52:53.497850
589,Nuha,,2,1,2025-06-16T20:52:53.497853
590,Mike,,2,1,2025-06-16T20:52:53.497855
591,Angus,,2,1,2025-06-16T20:52:53.497858
592,Rose,,2,1,2025-06-16T20:52:53.497860
593,Dirk,,2,1,2025-06-16T20:52:53.497863
594,Eduard,,2,1,2025-06-16T20:52:53.497866
595,Judith,,2,1,2025-06-16T20:52:53.497869
596,Rebecca,,2,1,2025-06-16T20:52:53.497871
597,Alicia,,2,1,2025-06-16T20:52:53.497874
598,Olena,,2,1,2025-06-16T20:52:53.497876
599,Hayley,,2,1,2025-06-16T20:52:53.497879
600,Debbie,,2,1,2025-06-16T20:52:53.497882
601,Jacqui,,2,1,2025-06-16T20:52:53.497884
602,Morris,,2,1,2025-06-16T20:52:53.497887
603,Rona,,2,1,2025-06-16T20:52:53.497889
604,Dominic,,2,1,2025-06-16T20:52:53.497892
605,Hany,,2,1,2025-06-16T20:52:53.497894
606,Kassem,,2,1,2025-06-16T20:52:53.497898
607,Sabine,,2,1,2025-06-16T20:52:53.497901
608,Marija,,2,1,2025-06-16T20:52:53.497903
609,Mo's,,2,1,2025-06-16T20:52:53.497906
610,Annemarie,,2,1,2025-06-16T20:52:53.497908
611,Abdulaziz,,2,1,2025-06-16T20:52:53.497911
612,Abdelaziz,,2,1,2025-06-16T20:52:53.497914
613,Dorothy,,2,1,2025-06-16T20:52:53.497916
614,Thanaa,,2,1,2025-06-16T20:52:53.497919
615,Lynsey,,2,1,2025-06-16T20:52:53.497921
616,Perry,,2,1,2025-06-16T20:52:53.497924
617,Derric,,2,1,2025-06-16T20:52:53.497927
618,Alejandro,,2,1,2025-06-16T20:52:53.497929
619,Ke,,2,1,2025-06-16T20:52:53.497932
620,Heather,,2,1,2025-06-16T20:52:53.497935
621,Malcolm,,2,1,2025-06-16T20:52:53.497937
622,Mawada,,2,1,2025-06-16T20:52:53.497940
623,Van,,2,1,2025-06-16T20:52:53.497943
624,Glen,,2,1,2025-06-16T20:52:53.497946
625,Bryant,,2,1,2025-06-16T20:52:53.497948
626,Olesya,,2,1,2025-06-16T20:52:53.497951
627,עידן,,2,1,2025-06-16T20:52:53.497954
628,Meshal,,2,1,2025-06-16T20:52:53.497956
629,Sergio,,2,1,2025-06-16T20:52:53.497959
630,Kyle,,2,1,2025-06-16T20:52:53.497961
631,Justine,,2,1,2025-06-16T20:52:53.497964
632,Di,,2,1,2025-06-16T20:52:53.497967
633,Jessica,,2,1,2025-06-16T20:52:53.497970
634,Dieynaba,,2,1,2025-06-16T20:52:53.497972
635,M,,2,1,2025-06-16T20:52:53.497975
636,Lea,,2,1,2025-06-16T20:52:53.497978
637,Vincent,,2,1,2025-06-16T20:52:53.497980
638,Mehmet,,2,1,2025-06-16T20:52:53.497983
639,Mirdad,,2,1,2025-06-16T20:52:53.497986
640,Zhigang,,2,1,2025-06-16T20:52:53.497988
641,Katrina,,2,1,2025-06-16T20:52:53.497991
642,Ratiba,,2,1,2025-06-16T20:52:53.497993
643,Dominique,,2,1,2025-06-16T20:52:53.497996
644,Переяслав,,2,1,2025-06-16T20:52:53.497999
645,Olamide,,2,1,2025-06-16T20:52:53.498002
646,Pascal,,2,1,2025-06-16T20:52:53.498005
647,Kathleen,,2,1,2025-06-16T20:52:53.498008
648,Kathryn,,2,1,2025-06-16T20:52:53.498010
649,Zoe,,2,1,2025-06-16T20:52:53.498013
650,Sue,,2,1,2025-06-16T20:52:53.498015
651,Alexander_n_13,,2,1,2025-06-16T20:52:53.498018
652,Rajendran,,2,1,2025-06-16T20:52:53.498020
653,Robert,,2,1,2025-06-16T20:52:53.498023
654,Tzveta,,2,1,2025-06-16T20:52:53.498026
655,Holly,,2,1,2025-06-16T20:52:53.498028
656,Clara,,2,1,2025-06-16T20:52:53.498031
657,Musonda,,2,1,2025-06-16T20:52:53.498033
658,Nihan,,2,1,2025-06-16T20:52:53.498036
659,Janet,,2,1,2025-06-16T20:52:53.498039
660,Emmanouil,,2,1,2025-06-16T20:52:53.498042
661,Leanne,,2,1,2025-06-16T20:52:53.498044
662,Etem,,2,1,2025-06-16T20:52:53.498047
663,Jackson,,2,1,2025-06-16T20:52:53.498050
664,Erickson,,2,1,2025-06-16T20:52:53.498052
665,Saylieva,,2,1,2025-06-16T20:52:53.498055
666,Irene,,2,1,2025-06-16T20:52:53.498058
667,Burak,,2,1,2025-06-16T20:52:53.498061
668,Filippo,,2,1,2025-06-16T20:52:53.498064
669,Savio,,2,1,2025-06-16T20:52:53.498066
670,Mcgill,,2,1,2025-06-16T20:52:53.498069
671,Parashar,,2,1,2025-06-16T20:52:53.498072
672,Okeowo,,2,1,2025-06-16T20:52:53.498074
673,Jodie,,2,1,2025-06-16T20:52:53.498077
674,Lawrence,,2,1,2025-06-16T20:52:53.498080
675,Frederik,,2,1,2025-06-16T20:52:53.498083
676,Dmytro,,2,1,2025-06-16T20:52:53.498085
677,Narina,,2,1,2025-06-16T20:52:53.498088
678,Richard,,2,1,2025-06-16T20:52:53.498091
679,Deepa,,2,1,2025-06-16T20:52:53.498093
680,Christin,,2,1,2025-06-16T20:52:53.498096
681,Mohamad,,2,1,2025-06-16T20:52:53.498098
682,Klein,,2,1,2025-06-16T20:52:53.498101
683,Beverley,,2,1,2025-06-16T20:52:53.498103
684,T,,2,1,2025-06-16T20:52:53.498106
685,Mohammed,,2,1,2025-06-16T20:52:53.498109
686,Sami,,2,1,2025-06-16T20:52:53.498112
687,Tony,,2,1,2025-06-16T20:52:53.498114
688,Maher,,2,1,2025-06-16T20:52:53.498117
689,Cristina,,2,1,2025-06-16T20:52:53.498119
690,Melissa,,2,1,2025-06-16T20:52:53.498122
691,Dianne,,2,1,2025-06-16T20:52:53.498125
692,Zheng,,2,1,2025-06-16T20:52:53.498127
693,Setyawati,,2,1,2025-06-16T20:52:53.498130
694,Elizabeth,,2,1,2025-06-16T20:52:53.498132
695,Johnstone,,2,1,2025-06-16T20:52:53.498135
696,Eumarg,,2,1,2025-06-16T20:52:53.498137
697,Ramez,,2,1,2025-06-16T20:52:53.498140
698,Hao,,2,1,2025-06-16T20:52:53.498143
699,Martin,,2,1,2025-06-16T20:52:53.498146
700,Pedro,,2,1,2025-06-16T20:52:53.498148
701,Damian,,2,1,2025-06-16T20:52:53.498151
702,Fiona,,2,1,2025-06-16T20:52:53.498154
703,Hana,,2,1,2025-06-16T20:52:53.498156
704,Lidia,,2,1,2025-06-16T20:52:53.498159
705,Hassan,,2,1,2025-06-16T20:52:53.498162
706,Waipaina,,2,1,2025-06-16T20:52:53.498164
707,Aleksei,,2,1,2025-06-16T20:52:53.498167
708,Sharon,,2,1,2025-06-16T20:52:53.498169
709,Ron,,2,1,2025-06-16T20:52:53.498172
710,Cecily,,2,1,2025-06-16T20:52:53.498175
711,Travel_ler,,2,1,2025-06-16T20:52:53.498177
712,Hamid,,2,1,2025-06-16T20:52:53.498180
713,Michele,,2,1,2025-06-16T20:52:53.498183
714,Joerg,,2,1,2025-06-16T20:52:53.498185
715,Vasilios,,2,1,2025-06-16T20:52:53.498189
716,Joseph,,2,1,2025-06-16T20:52:53.498192
717,Matteo,,2,1,2025-06-16T20:52:53.498194
718,Gerry,,2,1,2025-06-16T20:52:53.498197
719,Dor,,2,1,2025-06-16T20:52:53.498200
720,Lauren,,2,1,2025-06-16T20:52:53.498203
721,Patrice,,2,1,2025-06-16T20:52:53.498206
722,Morgan,,2,1,2025-06-16T20:52:53.498209
723,Ingrid,,2,1,2025-06-16T20:52:53.498211
724,Catherine,,2,1,2025-06-16T20:52:53.498214
725,Mariola,,2,1,2025-06-16T20:52:53.498217
726,Ruben,,2,1,2025-06-16T20:52:53.498219
727,Samir,,2,1,2025-06-16T20:52:53.498222
728,Jonathan,,2,1,2025-06-16T20:52:53.498225
729,Assif,,2,1,2025-06-16T20:52:53.498228
730,Amanda,,2,1,2025-06-16T20:52:53.498231
731,Carole,,2,1,2025-06-16T20:52:53.498234
732,Mag,,2,1,2025-06-16T20:52:53.498236
733,Mark,,2,1,2025-06-16T20:52:53.498239
734,Siobhan,,2,1,2025-06-16T20:52:53.498241
735,Lucy,,2,1,2025-06-16T20:52:53.498244
736,Guiney,,2,1,2025-06-16T20:52:53.498247
737,Andrei,,2,1,2025-06-16T20:52:53.498250
738,Yazeed,,2,1,2025-06-16T20:52:53.498252
739,Pierre,,2,1,2025-06-16T20:52:53.498255
740,Klink,,2,1,2025-06-16T20:52:53.498257
741,Gratefullion,,2,1,2025-06-16T20:52:53.498260
742,Nóra,,2,1,2025-06-16T20:52:53.498262
743,Rami,,2,1,2025-06-16T20:52:53.498266
744,Mateusz,,2,1,2025-06-16T20:52:53.498268
745,Mickael,,2,1,2025-06-16T20:52:53.498271
746,Brian,,2,1,2025-06-16T20:52:53.498274
747,Tim,,2,1,2025-06-16T20:52:53.498276
748,Parushinee,,2,1,2025-06-16T20:52:53.498279
749,Anum,,2,1,2025-06-16T20:52:53.498282
750,Jackie,,2,1,2025-06-16T20:52:53.498285
751,Ines,,2,1,2025-06-16T20:52:53.498288
752,Glenjor,,2,1,2025-06-16T20:52:53.498291
753,Dave,,2,1,2025-06-16T20:52:53.498293
754,Elias,,2,1,2025-06-16T20:52:53.498296
755,Kim,,2,1,2025-06-16T20:52:53.498298
756,Fawzia,,2,1,2025-06-16T20:52:53.498301
757,Francoise,,2,1,2025-06-16T20:52:53.498304
758,Jan,,2,1,2025-06-16T20:52:53.498306
759,Joanna,,2,1,2025-06-16T20:52:53.498309
760,Rohini,,2,1,2025-06-16T20:52:53.498312
761,Jeff,,2,1,2025-06-16T20:52:53.498314
762,Batool,,2,1,2025-06-16T20:52:53.498318
763,Danielle,,2,1,2025-06-16T20:52:53.498320
764,Diyar,,2,1,2025-06-16T20:52:53.498323
765,Toni,,2,1,2025-06-16T20:52:53.498326
766,Raees,,2,1,2025-06-16T20:52:53.498329
767,Jeton,,2,1,2025-06-16T20:52:53.498332
768,Trudy,,2,1,2025-06-16T20:52:53.498335
769,Ann-kathrin,,2,1,2025-06-16T20:52:53.498338
770,Annie,,2,1,2025-06-16T20:52:53.498340
771,Caroline,,2,1,2025-06-16T20:52:53.498343
772,Kitrina,,2,1,2025-06-16T20:52:53.498346
773,Mervyn,,2,1,2025-06-16T20:52:53.498348
774,Joshua,,2,1,2025-06-16T20:52:53.498351
775,Younous,,2,1,2025-06-16T20:52:53.498354
776,Vusal,,2,1,2025-06-16T20:52:53.498357
777,Silviacarrilho,,2,1,2025-06-16T20:52:53.498360
778,Benjamin,,2,1,2025-06-16T20:52:53.498362
779,Penelope,,2,1,2025-06-16T20:52:53.498366
780,Patricia,,2,1,2025-06-16T20:52:53.498369
781,Arendse,,2,1,2025-06-16T20:52:53.498371
782,Gary,,2,1,2025-06-16T20:52:53.498374
783,Federico,,2,1,2025-06-16T20:52:53.498376
784,Star,,2,1,2025-06-16T20:52:53.498379
785,Julie,,2,1,2025-06-16T20:52:53.498382
786,Takalani,,2,1,2025-06-16T20:52:53.498384
787,Ruth,,2,1,2025-06-16T20:52:53.498387
788,Thomas,,2,1,2025-06-16T20:52:53.498390
789,Hanli,,2,1,2025-06-16T20:52:53.498392
790,Neville,,2,1,2025-06-16T20:52:53.498395
791,Alfred,,2,1,2025-06-16T20:52:53.498397
792,Nada,,2,1,2025-06-16T20:52:53.498400
793,Ajmal,,2,1,2025-06-16T20:52:53.498403
794,Laurel,,2,1,2025-06-16T20:52:53.498405
795,Teresa,,2,1,2025-06-16T20:52:53.498408
796,Inna,,2,1,2025-06-16T20:52:53.498410
797,Bhuwan,,2,1,2025-06-16T20:52:53.498413
798,Oliver,,2,1,2025-06-16T20:52:53.498416
799,Aswini,,2,1,2025-06-16T20:52:53.498418
800,Bridget,,2,1,2025-06-16T20:52:53.498421
801,Sharma,,2,1,2025-06-16T20:52:53.498423
802,Denise,,2,1,2025-06-16T20:52:53.498426
803,Erica,,2,1,2025-06-16T20:52:53.498429
804,Jenny,,2,1,2025-06-16T20:52:53.498432
805,Marie,,2,1,2025-06-16T20:52:53.498434
806,Sanghee,,2,1,2025-06-16T20:52:53.498437
807,Mustafa,,2,1,2025-06-16T20:52:53.498440
808,Kimberly,,2,1,2025-06-16T20:52:53.498442
809,Chigabo,,2,1,2025-06-16T20:52:53.498445
810,Lagu,,2,1,2025-06-16T20:52:53.498447
811,Rachael,,2,1,2025-06-16T20:52:53.498450
812,Iftah,,2,1,2025-06-16T20:52:53.498453
813,Thamer,,2,1,2025-06-16T20:52:53.498455
814,Patrycja,,2,1,2025-06-16T20:52:53.498458
815,Abigail,,2,1,2025-06-16T20:52:53.498461
816,Belchior,,2,1,2025-06-16T20:52:53.498464
817,Kerrie,,2,1,2025-06-16T20:52:53.498466
818,Ellen,,2,1,2025-06-16T20:52:53.498469
819,Oded,,2,1,2025-06-16T20:52:53.498472
820,Ivor,,2,1,2025-06-16T20:52:53.498474
821,Me,,2,1,2025-06-16T20:52:53.498477
822,Alan,,2,1,2025-06-16T20:52:53.498479
823,Omar,,2,1,2025-06-16T20:52:53.498482
824,Mohamed,,2,1,2025-06-16T20:52:53.498485
825,Noeleen,,2,1,2025-06-16T20:52:53.498487
826,Steve,,2,1,2025-06-16T20:52:53.498490
827,Gokhan,,2,1,2025-06-16T20:52:53.498493
828,Baines,,2,1,2025-06-16T20:52:53.498496
829,Karlo,,2,1,2025-06-16T20:52:53.498498
830,Emma,,2,1,2025-06-16T20:52:53.498501
831,Rafaat,,2,1,2025-06-16T20:52:53.498503
832,Milad,,2,1,2025-06-16T20:52:53.498506
833,Yulia,,2,1,2025-06-16T20:52:53.498509
834,Tom,,2,1,2025-06-16T20:52:53.498512
835,Stefan,,2,1,2025-06-16T20:52:53.498515
836,Saud,,2,1,2025-06-16T20:52:53.498518
837,Nicky147,,2,1,2025-06-16T20:52:53.498520
838,Jerzy,,2,1,2025-06-16T20:52:53.498523
839,Emad,,2,1,2025-06-16T20:52:53.498526
840,Sodhi,,2,1,2025-06-16T20:52:53.498528
841,Akitha,,2,1,2025-06-16T20:52:53.498531
842,Alaa,,2,1,2025-06-16T20:52:53.498534
843,Loic,,2,1,2025-06-16T20:52:53.498536
844,Nadia,,2,1,2025-06-16T20:52:53.498539
845,Arnaud,,2,1,2025-06-16T20:52:53.498541
846,Mathieu,,2,1,2025-06-16T20:52:53.498544
847,Kawkb,,2,1,2025-06-16T20:52:53.498546
848,Samadi,,2,1,2025-06-16T20:52:53.498549
849,Kong,,2,1,2025-06-16T20:52:53.498552
850,Laurynas,,2,1,2025-06-16T20:52:53.498554
851,Steve7183,,2,1,2025-06-16T20:52:53.498557
852,Samah,,2,1,2025-06-16T20:52:53.498561
853,Fadel,,2,1,2025-06-16T20:52:53.498563
854,Gilles,,2,1,2025-06-16T20:52:53.498566
855,Julia,,2,1,2025-06-16T20:52:53.498568
856,Osama,,2,1,2025-06-16T20:52:53.498571
857,Albert,,2,1,2025-06-16T20:52:53.498574
858,Fabian,,2,1,2025-06-16T20:52:53.498576
859,Adil,,2,1,2025-06-16T20:52:53.498579
860,Simone,,2,1,2025-06-16T20:52:53.498581
861,Gunnar,,2,1,2025-06-16T20:52:53.498584
862,Christoph,,2,1,2025-06-16T20:52:53.498588
863,Talal,,2,1,2025-06-16T20:52:53.498590
864,Eva,,2,1,2025-06-16T20:52:53.498593
865,Tawfik,,2,1,2025-06-16T20:52:53.498596
866,Mildred,,2,1,2025-06-16T20:52:53.498599
867,Paolo,,2,1,2025-06-16T20:52:53.498602
868,James,,2,1,2025-06-16T20:52:53.498604
869,Deanne,,2,1,2025-06-16T20:52:53.498607
870,Mehak,,2,1,2025-06-16T20:52:53.498609
871,Geoff,,2,1,2025-06-16T20:52:53.498612
872,Fitim,,2,1,2025-06-16T20:52:53.498615
873,Pilgrim44,,2,1,2025-06-16T20:52:53.498617
874,Jack,,2,1,2025-06-16T20:52:53.498620
875,Massimo,,2,1,2025-06-16T20:52:53.498623
876,Daniela,,2,1,2025-06-16T20:52:53.498625
877,Arjan,,2,1,2025-06-16T20:52:53.498628
878,Suresh,,2,1,2025-06-16T20:52:53.498630
879,Haider,,2,1,2025-06-16T20:52:53.498634
880,Susan,,2,1,2025-06-16T20:52:53.498637
881,Jill,,2,1,2025-06-16T20:52:53.498640
882,Arjun,,2,1,2025-06-16T20:52:53.498643
883,Therese,,2,1,2025-06-16T20:52:53.498646
884,Lybia,,2,1,2025-06-16T20:52:53.498648
885,Danilo,,2,1,2025-06-16T20:52:53.498651
886,Bathilde,,2,1,2025-06-16T20:52:53.498653
887,Christiane,,2,1,2025-06-16T20:52:53.498656
888,Hanneke,,2,1,2025-06-16T20:52:53.498659
889,Deborah,,2,1,2025-06-16T20:52:53.498661
890,Herve,,2,1,2025-06-16T20:52:53.498664
891,Davor67,,2,1,2025-06-16T20:52:53.498667
892,Abdulhafiez,,2,1,2025-06-16T20:52:53.498669
893,Chambers,,2,1,2025-06-16T20:52:53.498672
894,Badreddine,,2,1,2025-06-16T20:52:53.498675
895,Michał,,2,1,2025-06-16T20:52:53.498677
896,António,,2,1,2025-06-16T20:52:53.498680
897,J,,2,1,2025-06-16T20:52:53.498683
898,Barker,,2,1,2025-06-16T20:52:53.498686
899,Zina,,2,1,2025-06-16T20:52:53.498688
900,Ann,,2,1,2025-06-16T20:52:53.498691
901,Ibidunni,,2,1,2025-06-16T20:52:53.498693
902,Yurisha,,2,1,2025-06-16T20:52:53.498696
903,Khaled,,2,1,2025-06-16T20:52:53.498699
904,Sharifa,,2,1,2025-06-16T20:52:53.498701
905,Nirja,,2,1,2025-06-16T20:52:53.498705
906,Daniel,,2,1,2025-06-16T20:52:53.498707
907,Kobus,,2,1,2025-06-16T20:52:53.498710
908,Menna,,2,1,2025-06-16T20:52:53.498713
909,Mirjana,,2,1,2025-06-16T20:52:53.498716
910,Ramakrishna,,2,1,2025-06-16T20:52:53.498718
911,Hakan,,2,1,2025-06-16T20:52:53.498721
912,Sotnicenko,,2,1,2025-06-16T20:52:53.498724
913,Jon,,2,1,2025-06-16T20:52:53.498726
914,Jamie,,2,1,2025-06-16T20:52:53.498729
915,Anandl,,2,1,2025-06-16T20:52:53.498732
916,Diah,,2,1,2025-06-16T20:52:53.498735
917,Reginald,,2,1,2025-06-16T20:52:53.498738
918,Ovais,,2,1,2025-06-16T20:52:53.498740
919,Rezvan,,2,1,2025-06-16T20:52:53.498743
920,Julius,,2,1,2025-06-16T20:52:53.498745
921,Tatiana,,2,1,2025-06-16T20:52:53.498748
922,Pushkar,,2,1,2025-06-16T20:52:53.498751
923,Jc,,2,1,2025-06-16T20:52:53.498753
924,Ante,,2,1,2025-06-16T20:52:53.498756
925,Driss,,2,1,2025-06-16T20:52:53.498758
926,Nasima,,2,1,2025-06-16T20:52:53.498761
927,Meridah,,2,1,2025-06-16T20:52:53.498764
928,Sally,,2,1,2025-06-16T20:52:53.498766
929,Rabab,,2,1,2025-06-16T20:52:53.498769
930,Iain,,2,1,2025-06-16T20:52:53.498780
931,Andrzej,,2,1,2025-06-16T20:52:53.498782
932,George,,2,1,2025-06-16T20:52:53.498785
933,Volkan,,2,1,2025-06-16T20:52:53.498787
934,Hongyan,,2,1,2025-06-16T20:52:53.498790
935,Cindy,,2,1,2025-06-16T20:52:53.498793
936,Juilung,,2,1,2025-06-16T20:52:53.498795
937,Erich,,2,1,2025-06-16T20:52:53.498798
938,Sanja,,2,1,2025-06-16T20:52:53.498800
939,Natasha,,2,1,2025-06-16T20:52:53.498803
940,Lisa,,2,1,2025-06-16T20:52:53.498806
941,Roger,,2,1,2025-06-16T20:52:53.498808
942,Rhea,,2,1,2025-06-16T20:52:53.498811
943,Fanny,,2,1,2025-06-16T20:52:53.498813
944,Jamil,,2,1,2025-06-16T20:52:53.498817
945,Odai,,2,1,2025-06-16T20:52:53.498819
946,Victoria,,2,1,2025-06-16T20:52:53.498822
947,Carl,,2,1,2025-06-16T20:52:53.498824
948,Louis-felix,,2,1,2025-06-16T20:52:53.498827
949,Craig,,2,1,2025-06-16T20:52:53.498830
950,Ben,,2,1,2025-06-16T20:52:53.498832
951,Sheri,,2,1,2025-06-16T20:52:53.498835
952,Jason,,2,1,2025-06-16T20:52:53.498837
953,Tina,,2,1,2025-06-16T20:52:53.498840
954,Serriah,,2,1,2025-06-16T20:52:53.498842
955,Pam,,2,1,2025-06-16T20:52:53.498845
956,Menene,,2,1,2025-06-16T20:52:53.498848
957,Tess,,2,1,2025-06-16T20:52:53.498851
958,Lorcan,,2,1,2025-06-16T20:52:53.498855
959,Traci,,2,1,2025-06-16T20:52:53.498857
960,Binu,,2,1,2025-06-16T20:52:53.498860
